Name,Email,Age,City,Purchase_Amount
Ivy,ivy0@company.com,65,Houston,130.0
Frank,frank1@yahoo.com,61,Boston,52.6
Eve,eve2@yahoo.com,19,Los Angeles,117.13
Olivia,olivia3@email.com,53,Seattle,360.85
Quinn,quinn4@company.com,32,Austin,298.74
Noah,noah5@email.com,62,Miami,176.72
Steven,steven6@gmail.com,79,Austin,60.08
Steven,steven7@email.com,40,Phoenix,305.83
Ivy,ivy8@mail.com,52,Miami,486.83
Peter,peter9@yahoo.com,53,New York,416.41
Alice,alice10@email.com,30,Chicago,32.45
Grace,grace11@gmail.com,23,Boston,434.58
Steven,steven12@yahoo.com,47,Seattle,89.7
Henry,henry13@business.com,60,Boston,353.89
Grace,grace14@email.com,52,Los Angeles,90.07
Rachel,rachel15@gmail.com,77,New York,117.61
Eve,eve16@outlook.com,32,Miami,404.47
Bob,bob17@mail.com,22,Chicago,457.44
Bob,bob18@mail.com,31,Chicago,203.86
Tina,tina19@mail.com,34,Miami,130.85
Jack,jack20@contact.com,34,Seattle,219.93
Peter,peter21@yahoo.com,41,Austin,498.69
Diana,diana22@company.com,49,Boston,380.33
Eve,eve23@yahoo.com,58,Seattle,398.12
Eve,eve24@outlook.com,42,Los Angeles,301.99
Steven,steven25@company.com,34,Houston,431.78
Diana,diana26@outlook.com,61,Austin,377.93
Quinn,quinn27@mail.com,36,New York,87.5
Grace,grace28@company.com,80,Miami,383.36
Tina,tina29@yahoo.com,73,Los Angeles,422.42
Tina,tina30@contact.com,27,Miami,383.63
Eve,eve31@email.com,76,Los Angeles,303.48
Alice,alice32@contact.com,25,Houston,440.57
Jack,jack33@outlook.com,21,Houston,440.22
Bob,bob34@contact.com,64,Miami,409.85
Karen,karen35@yahoo.com,26,Houston,473.96
Steven,steven36@email.com,51,Boston,482.54
Eve,eve37@company.com,63,Denver,205.51
Eve,eve38@yahoo.com,75,Austin,231.23
Henry,henry39@mail.com,22,Chicago,20.31
Olivia,olivia40@contact.com,55,Los Angeles,13.52
Alice,alice41@mail.com,22,Phoenix,431.22
Frank,frank42@mail.com,33,New York,337.8
Steven,steven43@gmail.com,26,Austin,292.34
Rachel,rachel44@gmail.com,69,Houston,103.3
Steven,steven45@outlook.com,40,Seattle,211.44
Karen,karen46@yahoo.com,21,Phoenix,366.82
Diana,diana47@business.com,30,Austin,272.78
Henry,henry48@gmail.com,29,New York,236.69
Olivia,olivia49@company.com,69,Seattle,57.98
Henry,henry50@email.com,80,Los Angeles,463.92
Eve,eve51@mail.com,44,Phoenix,245.87
Bob,bob52@gmail.com,28,Boston,11.06
Tina,tina53@contact.com,77,Los Angeles,149.77
Steven,steven54@mail.com,27,Denver,155.39
Tina,tina55@outlook.com,65,New York,39.87
Charlie,charlie56@business.com,21,Boston,243.63
Henry,henry57@outlook.com,21,New York,49.25
Alice,alice58@mail.com,56,Austin,340.85
Bob,bob59@outlook.com,25,Boston,130.65
Bob,bob60@contact.com,44,Miami,286.96
Henry,henry61@email.com,31,Houston,126.96
Karen,karen62@mail.com,60,Phoenix,234.04
Ivy,ivy63@company.com,47,Houston,498.09
Karen,karen64@business.com,31,Boston,139.95
Olivia,olivia65@mail.com,74,New York,191.07
Diana,diana66@yahoo.com,71,Chicago,354.73
Diana,diana67@gmail.com,60,Miami,156.7
Mia,mia68@company.com,34,Boston,445.96
Noah,noah69@email.com,35,Seattle,306.37
Charlie,charlie70@gmail.com,61,New York,257.65
Olivia,olivia71@gmail.com,23,Seattle,416.38
Karen,karen72@contact.com,39,Seattle,322.19
Quinn,quinn73@outlook.com,65,Phoenix,280.32
Peter,peter74@mail.com,18,Austin,46.87
Frank,frank75@business.com,20,Boston,295.43
Diana,diana76@gmail.com,26,Miami,161.05
Bob,bob77@mail.com,31,Los Angeles,336.8
Eve,eve78@outlook.com,74,Chicago,487.18
Quinn,quinn79@mail.com,73,Chicago,488.34
Charlie,charlie80@mail.com,19,Seattle,370.92
Alice,alice81@company.com,69,Denver,140.73
Bob,bob82@contact.com,73,Austin,430.71
Peter,peter83@gmail.com,70,Chicago,181.33
Grace,grace84@gmail.com,19,Miami,205.25
Karen,karen85@email.com,79,Los Angeles,182.06
Diana,diana86@outlook.com,61,Denver,172.26
Quinn,quinn87@mail.com,74,Phoenix,97.5
Diana,diana88@email.com,24,Austin,179.39
Charlie,charlie89@business.com,56,Seattle,66.67
Alice,alice90@business.com,34,New York,357.3
Diana,diana91@gmail.com,77,Chicago,346.56
Diana,diana92@yahoo.com,45,Houston,474.95
Quinn,quinn93@outlook.com,60,Miami,362.68
Peter,peter94@email.com,37,Boston,169.83
Frank,frank95@contact.com,26,Chicago,216.02
Quinn,quinn96@mail.com,57,Miami,157.47
Charlie,charlie97@gmail.com,37,Seattle,112.99
Henry,henry98@company.com,47,Phoenix,226.66
Rachel,rachel99@email.com,48,Seattle,332.84
Bob,bob100@contact.com,60,Boston,55.76
Bob,bob101@company.com,32,Seattle,82.2
Olivia,olivia102@business.com,80,Houston,309.52
Jack,jack103@mail.com,44,Denver,105.27
Grace,grace104@mail.com,43,Austin,82.31
Leo,leo105@outlook.com,67,New York,117.23
Alice,alice106@contact.com,21,Los Angeles,132.11
Ivy,ivy107@email.com,26,Los Angeles,337.11
Eve,eve108@yahoo.com,78,Boston,310.2
Noah,noah109@yahoo.com,71,Chicago,228.5
Frank,frank110@mail.com,46,New York,378.37
Henry,henry111@company.com,49,Austin,144.55
Steven,steven112@yahoo.com,33,Boston,174.57
Grace,grace113@business.com,26,Denver,123.32
Mia,mia114@email.com,22,Austin,209.72
Leo,leo115@outlook.com,44,Seattle,111.35
Alice,alice116@business.com,75,Boston,473.57
Alice,alice117@company.com,42,Boston,12.89
Alice,alice118@company.com,66,Denver,428.19
Steven,steven119@email.com,65,Denver,401.94
Leo,leo120@contact.com,32,Denver,223.56
Tina,tina121@mail.com,39,Denver,364.85
Rachel,rachel122@business.com,80,Houston,23.21
Grace,grace123@company.com,60,Miami,51.13
Rachel,rachel124@business.com,73,Miami,99.05
Mia,mia125@gmail.com,38,Houston,232.8
Leo,leo126@gmail.com,35,Houston,133.61
Henry,henry127@company.com,19,Phoenix,35.52
Quinn,quinn128@company.com,59,New York,392.8
Charlie,charlie129@contact.com,78,Boston,107.69
Bob,bob130@gmail.com,33,Denver,242.04
Olivia,olivia131@company.com,78,Boston,237.87
Eve,eve132@company.com,28,Phoenix,391.12
Peter,peter133@business.com,24,Miami,22.58
Steven,steven134@company.com,61,Denver,204.36
Grace,grace135@company.com,55,Seattle,59.93
Rachel,rachel136@contact.com,68,Austin,393.49
Leo,leo137@company.com,45,Denver,43.79
Steven,steven138@yahoo.com,72,New York,412.94
Quinn,quinn139@contact.com,79,Los Angeles,321.44
Bob,bob140@yahoo.com,45,New York,369.56
Noah,noah141@email.com,67,New York,237.79
Jack,jack142@mail.com,72,Chicago,417.06
Rachel,rachel143@company.com,74,Houston,129.49
Leo,leo144@contact.com,57,Boston,174.83
Mia,mia145@yahoo.com,29,Denver,113.94
Jack,jack146@yahoo.com,35,Miami,282.34
Steven,steven147@contact.com,23,Phoenix,362.84
Alice,alice148@yahoo.com,66,Chicago,348.4
Frank,frank149@business.com,68,Miami,55.6
Noah,noah150@mail.com,62,Denver,160.04
Leo,leo151@company.com,48,Houston,270.15
Leo,leo152@contact.com,39,New York,354.4
Olivia,olivia153@company.com,34,Chicago,69.12
Olivia,olivia154@email.com,25,Seattle,475.93
Tina,tina155@gmail.com,31,Los Angeles,145.48
Olivia,olivia156@company.com,80,Miami,417.99
Grace,grace157@yahoo.com,41,Seattle,158.11
Noah,noah158@company.com,35,Houston,487.4
Noah,noah159@email.com,62,Denver,322.56
Frank,frank160@outlook.com,73,Miami,291.29
Bob,bob161@mail.com,46,Seattle,100.34
Frank,frank162@business.com,78,Denver,65.9
Noah,noah163@mail.com,49,Los Angeles,292.74
Jack,jack164@email.com,27,Chicago,475.07
Olivia,olivia165@mail.com,25,Chicago,384.58
Charlie,charlie166@email.com,42,Chicago,455.17
Ivy,ivy167@email.com,37,Phoenix,314.3
Diana,diana168@yahoo.com,58,Chicago,139.68
Grace,grace169@yahoo.com,33,Miami,280.48
Alice,alice170@business.com,44,Chicago,347.79
Charlie,charlie171@mail.com,20,Phoenix,151.17
Tina,tina172@yahoo.com,22,Denver,462.72
Frank,frank173@email.com,25,Miami,120.16
Frank,frank174@gmail.com,70,Los Angeles,44.99
Tina,tina175@business.com,56,Miami,461.38
Tina,tina176@email.com,47,Chicago,352.87
Rachel,rachel177@gmail.com,52,Los Angeles,224.5
Bob,bob178@mail.com,65,New York,305.82
Mia,mia179@company.com,32,Denver,297.69
Charlie,charlie180@contact.com,54,Chicago,383.92
Steven,steven181@company.com,51,Miami,458.88
Leo,leo182@email.com,45,Seattle,484.84
Charlie,charlie183@gmail.com,44,Chicago,167.32
Olivia,olivia184@yahoo.com,39,Houston,349.9
Karen,karen185@mail.com,70,Boston,27.98
Alice,alice186@mail.com,34,Chicago,66.8
Henry,henry187@business.com,70,Chicago,332.25
Leo,leo188@outlook.com,44,Los Angeles,101.92
Alice,alice189@mail.com,58,Miami,382.4
Quinn,quinn190@outlook.com,53,Denver,464.56
Rachel,rachel191@gmail.com,25,Austin,486.84
Karen,karen192@mail.com,37,Denver,16.7
Peter,peter193@email.com,32,Chicago,236.11
Alice,alice194@company.com,49,Seattle,259.35
Tina,tina195@outlook.com,71,Denver,490.32
Tina,tina196@contact.com,53,Boston,197.96
Alice,alice197@contact.com,73,Chicago,145.36
Jack,jack198@gmail.com,77,Austin,140.91
Frank,frank199@company.com,64,Los Angeles,420.36
Henry,henry200@outlook.com,73,Phoenix,228.81
Leo,leo201@outlook.com,39,New York,383.81
Mia,mia202@mail.com,77,Austin,436.1
Jack,jack203@company.com,42,Denver,429.45
Bob,bob204@yahoo.com,38,Denver,355.56
Alice,alice205@email.com,60,Los Angeles,252.71
Peter,peter206@outlook.com,50,Austin,436.15
Bob,bob207@mail.com,51,Miami,17.52
Peter,peter208@contact.com,73,Boston,46.67
Charlie,charlie209@business.com,57,Phoenix,328.42
Mia,mia210@mail.com,42,Denver,317.13
Tina,tina211@mail.com,20,New York,125.04
Ivy,ivy212@yahoo.com,65,Miami,222.65
Bob,bob213@business.com,46,New York,350.06
Tina,tina214@email.com,38,Phoenix,153.75
Henry,henry215@outlook.com,27,New York,270.27
Tina,tina216@gmail.com,28,Denver,48.69
Diana,diana217@business.com,49,Phoenix,80.13
Eve,eve218@gmail.com,47,Chicago,336.75
Mia,mia219@business.com,61,Austin,87.41
Eve,eve220@company.com,55,Chicago,323.08
Ivy,ivy221@gmail.com,47,Denver,107.62
Henry,henry222@business.com,24,Miami,196.87
Peter,peter223@yahoo.com,36,Phoenix,20.75
Karen,karen224@outlook.com,18,Austin,433.88
Alice,alice225@yahoo.com,71,Boston,390.11
Leo,leo226@yahoo.com,32,Austin,314.24
Alice,alice227@email.com,75,New York,161.38
Charlie,charlie228@mail.com,55,Seattle,368.86
Eve,eve229@mail.com,38,New York,96.06
Karen,karen230@gmail.com,74,Austin,270.12
Steven,steven231@gmail.com,34,Boston,484.02
Eve,eve232@business.com,69,Miami,239.48
Olivia,olivia233@gmail.com,66,Chicago,431.47
Noah,noah234@business.com,41,Phoenix,397.43
Ivy,ivy235@business.com,52,Houston,232.85
Quinn,quinn236@business.com,42,New York,63.09
Steven,steven237@business.com,19,Austin,170.72
Noah,noah238@yahoo.com,58,New York,455.6
Steven,steven239@mail.com,25,Boston,32.22
Quinn,quinn240@contact.com,49,Seattle,57.62
Alice,alice241@business.com,42,Austin,191.8
Grace,grace242@outlook.com,55,Boston,443.85
Charlie,charlie243@outlook.com,57,Miami,470.14
Mia,mia244@company.com,62,Denver,116.46
Karen,karen245@company.com,72,Chicago,58.68
Mia,mia246@company.com,75,Phoenix,39.67
Frank,frank247@mail.com,79,New York,475.02
Leo,leo248@company.com,60,Phoenix,324.44
Diana,diana249@contact.com,68,Houston,129.35
Rachel,rachel250@mail.com,31,New York,416.61
Peter,peter251@gmail.com,55,Chicago,408.4
Rachel,rachel252@gmail.com,67,Chicago,396.44
Frank,frank253@contact.com,72,Boston,493.89
Grace,grace254@yahoo.com,69,Seattle,63.86
Mia,mia255@business.com,18,Houston,397.09
Henry,henry256@contact.com,19,Boston,140.03
Tina,tina257@email.com,51,Chicago,375.38
Peter,peter258@email.com,67,Los Angeles,261.49
Diana,diana259@business.com,50,Houston,473.25
Ivy,ivy260@company.com,37,Denver,325.24
Diana,diana261@mail.com,48,Chicago,218.87
Bob,bob262@mail.com,63,Denver,46.01
Frank,frank263@company.com,56,Houston,42.18
Diana,diana264@email.com,53,Miami,196.64
Grace,grace265@company.com,47,Miami,306.66
Diana,diana266@outlook.com,72,Austin,363.21
Alice,alice267@gmail.com,46,Seattle,212.77
Ivy,ivy268@gmail.com,44,Phoenix,163.15
Alice,alice269@outlook.com,41,Chicago,346.54
Leo,leo270@yahoo.com,23,Phoenix,55.68
Rachel,rachel271@company.com,69,Boston,282.62
Karen,karen272@email.com,39,New York,211.3
Grace,grace273@yahoo.com,79,Austin,304.2
Alice,alice274@mail.com,54,Austin,114.24
Henry,henry275@company.com,72,Los Angeles,181.56
Tina,tina276@gmail.com,25,New York,291.31
Steven,steven277@mail.com,80,New York,22.86
Henry,henry278@company.com,29,Austin,354.32
Mia,mia279@contact.com,40,Chicago,98.89
Noah,noah280@contact.com,60,New York,44.1
Charlie,charlie281@company.com,65,Boston,115.42
Tina,tina282@yahoo.com,39,Chicago,191.33
Eve,eve283@outlook.com,56,Houston,442.84
Steven,steven284@outlook.com,66,Los Angeles,340.24
Rachel,rachel285@company.com,60,Denver,247.97
Frank,frank286@gmail.com,35,Los Angeles,379.92
Noah,noah287@outlook.com,45,Seattle,148.79
Quinn,quinn288@contact.com,60,Los Angeles,32.25
Jack,jack289@gmail.com,18,Denver,157.7
Mia,mia290@yahoo.com,66,Houston,151.83
Frank,frank291@contact.com,49,Los Angeles,96.09
Steven,steven292@outlook.com,63,Los Angeles,255.13
Frank,frank293@company.com,43,Boston,223.75
Bob,bob294@contact.com,73,Los Angeles,292.12
Olivia,olivia295@mail.com,63,Miami,151.86
Jack,jack296@outlook.com,79,Miami,94.22
Charlie,charlie297@business.com,23,Phoenix,423.8
Steven,steven298@mail.com,55,New York,266.74
Karen,karen299@company.com,65,Miami,118.57
Eve,eve300@mail.com,50,Houston,270.0
Rachel,rachel301@company.com,40,Chicago,125.77
Tina,tina302@mail.com,30,Miami,305.18
Olivia,olivia303@outlook.com,78,Los Angeles,237.34
Olivia,olivia304@outlook.com,46,Boston,325.07
Bob,bob305@contact.com,27,New York,43.46
Frank,frank306@mail.com,68,Chicago,299.8
Alice,alice307@contact.com,22,Miami,236.25
Rachel,rachel308@mail.com,41,Seattle,47.6
Eve,eve309@email.com,42,Seattle,294.36
Eve,eve310@yahoo.com,76,New York,329.4
Steven,steven311@email.com,50,Denver,479.28
Charlie,charlie312@company.com,69,Houston,491.37
Mia,mia313@yahoo.com,59,Houston,29.18
Quinn,quinn314@company.com,51,New York,308.8
Frank,frank315@company.com,76,Austin,199.83
Mia,mia316@company.com,68,Miami,42.3
Noah,noah317@email.com,61,Los Angeles,149.23
Henry,henry318@outlook.com,23,Houston,335.17
Quinn,quinn319@company.com,79,Chicago,73.19
Noah,noah320@outlook.com,53,Los Angeles,325.31
Mia,mia321@business.com,60,Denver,55.79
Henry,henry322@yahoo.com,41,Seattle,187.67
Jack,jack323@email.com,39,Miami,104.08
Bob,bob324@business.com,22,Miami,423.77
Henry,henry325@contact.com,67,Miami,419.21
Steven,steven326@business.com,60,Austin,439.43
Ivy,ivy327@company.com,27,Chicago,98.61
Tina,tina328@gmail.com,20,Los Angeles,188.51
Grace,grace329@business.com,57,Houston,378.67
Tina,tina330@contact.com,52,Austin,161.64
Alice,alice331@business.com,41,Denver,492.38
Frank,frank332@yahoo.com,67,Chicago,256.42
Rachel,rachel333@company.com,70,Denver,402.62
Diana,diana334@gmail.com,21,Phoenix,438.32
Peter,peter335@outlook.com,63,Boston,427.07
Diana,diana336@company.com,66,Denver,143.67
Leo,leo337@business.com,71,Miami,54.94
Olivia,olivia338@company.com,74,Miami,465.93
Jack,jack339@business.com,43,Denver,193.24
Karen,karen340@contact.com,41,Austin,23.81
Charlie,charlie341@email.com,68,Austin,77.42
Henry,henry342@contact.com,62,Phoenix,381.83
Alice,alice343@email.com,57,New York,453.87
Steven,steven344@mail.com,31,Boston,278.91
Alice,alice345@outlook.com,25,New York,126.44
Jack,jack346@yahoo.com,33,Austin,323.09
Quinn,quinn347@gmail.com,25,Houston,302.4
Noah,noah348@contact.com,54,Miami,362.09
Quinn,quinn349@contact.com,18,Chicago,127.88
Noah,noah350@contact.com,60,Miami,266.51
Steven,steven351@outlook.com,79,Seattle,276.6
Tina,tina352@email.com,19,Austin,437.93
Jack,jack353@gmail.com,80,Phoenix,134.29
Noah,noah354@company.com,68,Denver,178.95
Mia,mia355@contact.com,65,New York,75.37
Bob,bob356@email.com,39,Denver,416.89
Leo,leo357@mail.com,58,Houston,407.63
Jack,jack358@yahoo.com,20,New York,108.78
Ivy,ivy359@business.com,38,Miami,262.54
Mia,mia360@yahoo.com,34,Phoenix,379.11
Leo,leo361@yahoo.com,40,Seattle,434.24
Tina,tina362@contact.com,25,Houston,224.11
Tina,tina363@mail.com,75,Los Angeles,176.13
Charlie,charlie364@gmail.com,62,Denver,190.0
Diana,diana365@outlook.com,69,Austin,366.27
Bob,bob366@yahoo.com,56,Austin,277.28
Rachel,rachel367@outlook.com,23,Los Angeles,333.85
Henry,henry368@yahoo.com,56,Chicago,91.66
Jack,jack369@contact.com,46,Boston,366.14
Charlie,charlie370@outlook.com,35,Seattle,46.77
Leo,leo371@gmail.com,50,Seattle,476.87
Mia,mia372@yahoo.com,20,Denver,42.94
Karen,karen373@business.com,42,Los Angeles,25.87
Olivia,olivia374@yahoo.com,78,Austin,192.29
Rachel,rachel375@contact.com,26,Phoenix,189.81
Diana,diana376@outlook.com,33,Chicago,22.7
Bob,bob377@email.com,51,Chicago,457.64
Bob,bob378@gmail.com,67,Houston,354.98
Tina,tina379@gmail.com,62,Miami,108.09
Rachel,rachel380@contact.com,46,Houston,450.35
Leo,leo381@company.com,69,Phoenix,337.24
Mia,mia382@email.com,52,Phoenix,446.75
Charlie,charlie383@mail.com,68,New York,259.29
Ivy,ivy384@company.com,68,Phoenix,126.0
Leo,leo385@business.com,41,Phoenix,290.42
Rachel,rachel386@yahoo.com,26,Boston,42.22
Peter,peter387@mail.com,51,Los Angeles,386.89
Rachel,rachel388@contact.com,26,Austin,324.75
Bob,bob389@outlook.com,61,Austin,178.81
Jack,jack390@mail.com,67,Phoenix,221.98
Noah,noah391@email.com,51,Houston,159.02
Leo,leo392@mail.com,77,Los Angeles,179.55
Charlie,charlie393@business.com,72,Los Angeles,132.8
Ivy,ivy394@outlook.com,26,New York,311.07
Leo,leo395@business.com,59,Miami,299.99
Jack,jack396@company.com,28,Los Angeles,422.84
Olivia,olivia397@mail.com,70,Denver,49.8
Bob,bob398@email.com,59,Los Angeles,385.81
Noah,noah399@email.com,49,Seattle,151.94
Steven,steven400@business.com,33,Los Angeles,155.74
Jack,jack401@outlook.com,28,New York,213.65
Leo,leo402@yahoo.com,39,Phoenix,163.17
Noah,noah403@company.com,80,Boston,74.08
Steven,steven404@email.com,53,Seattle,166.37
Peter,peter405@outlook.com,35,New York,131.48
Steven,steven406@contact.com,36,Boston,433.44
Quinn,quinn407@mail.com,79,Seattle,408.6
Diana,diana408@gmail.com,30,Boston,254.15
Olivia,olivia409@mail.com,49,Los Angeles,253.71
Eve,eve410@business.com,50,Boston,483.68
Alice,alice411@outlook.com,40,Austin,34.76
Noah,noah412@company.com,36,Austin,14.01
Alice,alice413@outlook.com,26,Los Angeles,366.48
Frank,frank414@business.com,20,New York,35.07
Karen,karen415@email.com,41,Houston,151.41
Leo,leo416@gmail.com,46,Boston,147.06
Diana,diana417@contact.com,80,Denver,203.01
Olivia,olivia418@email.com,78,Denver,379.93
Henry,henry419@outlook.com,43,Phoenix,29.72
Tina,tina420@gmail.com,63,Chicago,403.94
Diana,diana421@contact.com,27,Miami,78.49
Mia,mia422@mail.com,43,Chicago,300.93
Steven,steven423@company.com,52,Houston,357.28
Noah,noah424@mail.com,70,Phoenix,190.5
Eve,eve425@business.com,55,New York,400.41
Olivia,olivia426@company.com,34,Phoenix,293.04
Frank,frank427@company.com,48,Austin,266.87
Steven,steven428@email.com,70,Boston,25.47
Frank,frank429@email.com,19,Houston,163.71
Karen,karen430@business.com,62,Seattle,211.08
Frank,frank431@contact.com,63,Chicago,264.15
Ivy,ivy432@yahoo.com,60,Austin,267.48
Charlie,charlie433@outlook.com,47,Los Angeles,177.74
Frank,frank434@business.com,57,Los Angeles,104.21
Eve,eve435@company.com,53,Los Angeles,120.18
Jack,jack436@contact.com,63,Phoenix,348.22
Bob,bob437@yahoo.com,48,Phoenix,284.64
Alice,alice438@business.com,25,Phoenix,341.54
Rachel,rachel439@gmail.com,70,Boston,477.76
Tina,tina440@outlook.com,20,Austin,478.1
Bob,bob441@business.com,77,Miami,331.43
Bob,bob442@email.com,30,Houston,142.86
Leo,leo443@mail.com,26,Houston,311.68
Karen,karen444@gmail.com,21,Seattle,120.58
Quinn,quinn445@company.com,24,Boston,171.84
Henry,henry446@business.com,61,Los Angeles,12.54
Henry,henry447@company.com,44,Phoenix,243.95
Ivy,ivy448@mail.com,38,Phoenix,326.49
Diana,diana449@contact.com,32,Miami,371.96
Quinn,quinn450@email.com,44,New York,467.62
Olivia,olivia451@business.com,68,Phoenix,101.29
Mia,mia452@mail.com,18,Los Angeles,288.3
Tina,tina453@email.com,36,New York,494.66
Mia,mia454@yahoo.com,49,Phoenix,427.02
Steven,steven455@email.com,30,New York,172.04
Tina,tina456@email.com,63,Los Angeles,16.9
Karen,karen457@mail.com,54,Miami,95.99
Karen,karen458@company.com,50,Los Angeles,52.5
Peter,peter459@outlook.com,80,Seattle,243.95
Ivy,ivy460@business.com,34,Miami,125.41
Grace,grace461@company.com,37,Chicago,364.21
Diana,diana462@contact.com,59,Boston,349.46
Henry,henry463@outlook.com,47,Denver,88.26
Jack,jack464@mail.com,62,New York,322.97
Eve,eve465@gmail.com,57,Chicago,117.37
Noah,noah466@company.com,27,Los Angeles,376.39
Frank,frank467@company.com,62,Phoenix,457.27
Alice,alice468@contact.com,66,Boston,343.37
Henry,henry469@mail.com,46,Los Angeles,354.85
Tina,tina470@company.com,25,Boston,416.1
Peter,peter471@email.com,54,Austin,83.43
Leo,leo472@yahoo.com,46,Denver,343.34
Olivia,olivia473@yahoo.com,23,Miami,228.29
Noah,noah474@gmail.com,26,Los Angeles,213.56
Olivia,olivia475@email.com,53,Boston,339.66
Leo,leo476@mail.com,43,Los Angeles,410.06
Grace,grace477@gmail.com,22,Chicago,217.61
Karen,karen478@mail.com,21,Los Angeles,493.21
Grace,grace479@gmail.com,36,Seattle,98.19
Rachel,rachel480@mail.com,41,Houston,229.78
Noah,noah481@yahoo.com,23,Phoenix,75.17
Mia,mia482@outlook.com,29,New York,202.6
Alice,alice483@gmail.com,71,Seattle,380.53
Leo,leo484@mail.com,61,Miami,217.82
Quinn,quinn485@email.com,33,Houston,179.62
Eve,eve486@outlook.com,77,Los Angeles,25.79
Steven,steven487@gmail.com,33,Chicago,42.97
Ivy,ivy488@outlook.com,56,Austin,129.92
Karen,karen489@contact.com,46,Austin,274.48
Peter,peter490@email.com,50,Chicago,124.74
Tina,tina491@business.com,54,Boston,126.08
Noah,noah492@company.com,32,Boston,157.25
Eve,eve493@mail.com,78,Denver,316.74
Olivia,olivia494@outlook.com,49,Boston,486.42
Alice,alice495@outlook.com,38,Chicago,210.05
Olivia,olivia496@outlook.com,29,Los Angeles,242.02
Bob,bob497@contact.com,72,Miami,404.83
Steven,steven498@contact.com,44,Houston,283.07
Olivia,olivia499@company.com,33,Chicago,109.63
Bob,bob500@yahoo.com,72,Austin,55.31
Karen,karen501@yahoo.com,35,Chicago,340.1
Alice,alice502@business.com,30,Phoenix,116.34
Henry,henry503@yahoo.com,37,Los Angeles,113.79
Jack,jack504@gmail.com,65,New York,458.08
Steven,steven505@mail.com,76,New York,280.52
Tina,tina506@company.com,47,Chicago,327.87
Leo,leo507@contact.com,41,New York,442.58
Olivia,olivia508@yahoo.com,69,Los Angeles,383.2
Peter,peter509@gmail.com,41,New York,212.83
Mia,mia510@business.com,65,Denver,17.95
Noah,noah511@mail.com,55,Miami,154.64
Bob,bob512@company.com,32,Seattle,289.2
Diana,diana513@email.com,53,Los Angeles,136.09
Alice,alice514@mail.com,47,Phoenix,369.06
Bob,bob515@outlook.com,26,Austin,249.27
Karen,karen516@gmail.com,51,Austin,421.14
Mia,mia517@company.com,66,Houston,212.07
Noah,noah518@company.com,63,Austin,14.48
Peter,peter519@business.com,41,Houston,312.74
Jack,jack520@contact.com,19,Houston,270.78
Charlie,charlie521@gmail.com,19,Phoenix,363.87
Rachel,rachel522@company.com,19,Denver,408.45
Bob,bob523@contact.com,24,Seattle,266.95
Noah,noah524@yahoo.com,57,Denver,133.68
Frank,frank525@company.com,68,Chicago,48.72
Leo,leo526@mail.com,54,Denver,495.21
Charlie,charlie527@email.com,61,Miami,330.33
Eve,eve528@contact.com,43,Boston,194.81
Olivia,olivia529@outlook.com,58,Austin,354.39
Jack,jack530@contact.com,72,Denver,326.0
Steven,steven531@email.com,80,Miami,448.45
Henry,henry532@email.com,31,New York,243.0
Peter,peter533@gmail.com,61,Phoenix,450.66
Olivia,olivia534@company.com,29,Phoenix,17.67
Eve,eve535@contact.com,66,Miami,465.15
Mia,mia536@mail.com,54,Chicago,287.68
Quinn,quinn537@company.com,39,Boston,380.25
Grace,grace538@gmail.com,50,Denver,36.31
Peter,peter539@company.com,71,Miami,176.89
Mia,mia540@mail.com,19,Austin,393.94
Charlie,charlie541@mail.com,32,Denver,280.99
Ivy,ivy542@mail.com,29,Austin,333.73
Peter,peter543@mail.com,69,Phoenix,359.42
Ivy,ivy544@mail.com,27,Denver,358.72
Peter,peter545@business.com,38,Denver,62.21
Karen,karen546@contact.com,46,Seattle,383.06
Jack,jack547@contact.com,23,Houston,221.18
Alice,alice548@gmail.com,50,Miami,60.61
Diana,diana549@mail.com,53,New York,302.49
Eve,eve550@mail.com,18,Seattle,212.77
Noah,noah551@yahoo.com,75,Seattle,290.26
Henry,henry552@company.com,28,Phoenix,141.77
Jack,jack553@yahoo.com,27,Austin,91.93
Frank,frank554@email.com,37,Los Angeles,393.51
Tina,tina555@company.com,78,Miami,363.24
Peter,peter556@gmail.com,47,Austin,76.39
Noah,noah557@outlook.com,39,Denver,404.0
Olivia,olivia558@business.com,39,Los Angeles,409.58
Steven,steven559@contact.com,38,Los Angeles,244.71
Diana,diana560@contact.com,79,Houston,152.81
Frank,frank561@company.com,68,Boston,169.68
Olivia,olivia562@mail.com,41,Houston,466.71
Jack,jack563@business.com,29,Boston,23.19
Frank,frank564@business.com,46,Boston,417.33
Bob,bob565@business.com,61,Chicago,78.2
Alice,alice566@contact.com,34,Miami,360.47
Mia,mia567@contact.com,46,Los Angeles,295.3
Olivia,olivia568@business.com,77,Boston,276.39
Quinn,quinn569@company.com,56,Phoenix,63.59
Ivy,ivy570@contact.com,28,New York,285.98
Steven,steven571@contact.com,79,Los Angeles,61.91
Bob,bob572@yahoo.com,32,Miami,375.96
Charlie,charlie573@mail.com,62,Denver,118.31
Grace,grace574@yahoo.com,47,Phoenix,83.87
Karen,karen575@mail.com,24,Miami,213.83
Peter,peter576@business.com,71,New York,180.68
Charlie,charlie577@mail.com,68,Houston,265.35
Noah,noah578@contact.com,24,Seattle,363.78
Grace,grace579@business.com,22,Phoenix,31.89
Peter,peter580@email.com,72,Chicago,327.51
Quinn,quinn581@company.com,51,Seattle,280.44
Rachel,rachel582@outlook.com,45,Boston,123.61
Jack,jack583@yahoo.com,29,Miami,203.84
Eve,eve584@gmail.com,55,Austin,200.53
Tina,tina585@business.com,35,Denver,292.9
Tina,tina586@email.com,41,Seattle,106.57
Noah,noah587@yahoo.com,60,Chicago,268.58
Bob,bob588@company.com,57,Houston,297.63
Mia,mia589@gmail.com,72,Seattle,312.51
Jack,jack590@business.com,61,Phoenix,163.46
Ivy,ivy591@yahoo.com,25,Phoenix,192.92
Jack,jack592@email.com,42,Boston,302.25
Rachel,rachel593@yahoo.com,45,New York,248.47
Alice,alice594@outlook.com,53,Los Angeles,249.92
Henry,henry595@contact.com,38,Houston,313.51
Peter,peter596@company.com,49,Austin,105.61
Grace,grace597@email.com,50,Houston,210.48
Henry,henry598@company.com,63,Austin,249.46
Jack,jack599@business.com,19,Los Angeles,153.12
Charlie,charlie600@mail.com,52,Los Angeles,92.42
Quinn,quinn601@email.com,65,Phoenix,279.37
Leo,leo602@mail.com,25,Denver,389.81
Leo,leo603@email.com,70,Miami,382.4
Diana,diana604@email.com,31,New York,60.18
Grace,grace605@yahoo.com,73,Boston,230.37
Noah,noah606@outlook.com,46,New York,390.06
Frank,frank607@business.com,69,Denver,431.91
Quinn,quinn608@company.com,57,Miami,394.58
Diana,diana609@yahoo.com,54,Denver,270.82
Diana,diana610@gmail.com,38,Austin,151.77
Henry,henry611@business.com,75,Miami,76.44
Charlie,charlie612@yahoo.com,35,Austin,353.7
Leo,leo613@contact.com,27,Austin,415.96
Eve,eve614@outlook.com,27,Chicago,319.88
Ivy,ivy615@gmail.com,46,Phoenix,320.48
Karen,karen616@yahoo.com,50,Austin,350.4
Peter,peter617@company.com,78,Austin,170.37
Frank,frank618@email.com,64,Denver,321.07
Noah,noah619@yahoo.com,68,Phoenix,204.88
Tina,tina620@yahoo.com,49,Austin,168.2
Alice,alice621@company.com,53,Houston,73.99
Noah,noah622@contact.com,75,Austin,32.51
Bob,bob623@yahoo.com,25,Houston,226.23
Bob,bob624@mail.com,30,New York,442.25
Steven,steven625@business.com,73,Los Angeles,55.74
Steven,steven626@gmail.com,23,Los Angeles,335.61
Steven,steven627@outlook.com,43,Miami,365.73
Tina,tina628@contact.com,59,Boston,354.81
Charlie,charlie629@business.com,48,Austin,75.02
Diana,diana630@contact.com,61,Los Angeles,14.55
Diana,diana631@email.com,73,Phoenix,350.08
Steven,steven632@yahoo.com,32,Phoenix,53.77
Jack,jack633@company.com,38,Chicago,441.68
Alice,alice634@contact.com,67,Chicago,324.37
Mia,mia635@mail.com,51,Houston,14.15
Quinn,quinn636@business.com,40,Boston,317.76
Karen,karen637@company.com,57,Boston,431.38
Rachel,rachel638@business.com,26,Chicago,298.89
Grace,grace639@contact.com,79,Austin,164.11
Grace,grace640@company.com,35,Chicago,131.6
Diana,diana641@email.com,72,Seattle,110.67
Diana,diana642@outlook.com,65,Chicago,154.82
Leo,leo643@outlook.com,49,New York,65.24
Diana,diana644@yahoo.com,51,Phoenix,493.57
Ivy,ivy645@email.com,42,Phoenix,216.22
Steven,steven646@yahoo.com,66,Phoenix,477.68
Jack,jack647@outlook.com,55,Denver,16.76
Bob,bob648@yahoo.com,77,Houston,474.85
Peter,peter649@business.com,36,Boston,385.88
Henry,henry650@contact.com,23,Denver,273.45
Mia,mia651@gmail.com,23,Phoenix,48.72
Quinn,quinn652@email.com,52,Austin,201.46
Peter,peter653@company.com,62,Miami,367.68
Ivy,ivy654@email.com,33,Boston,463.07
Rachel,rachel655@gmail.com,57,Chicago,161.55
Tina,tina656@mail.com,18,Los Angeles,353.73
Peter,peter657@gmail.com,78,New York,266.27
Karen,karen658@business.com,41,Austin,377.39
Karen,karen659@yahoo.com,67,New York,174.16
Tina,tina660@business.com,51,New York,138.85
Alice,alice661@business.com,49,Chicago,260.28
Noah,noah662@contact.com,72,New York,91.77
Charlie,charlie663@outlook.com,67,New York,448.19
Quinn,quinn664@company.com,65,Chicago,11.26
Frank,frank665@mail.com,20,Boston,188.35
Henry,henry666@email.com,77,Chicago,280.9
Steven,steven667@company.com,38,Denver,213.97
Peter,peter668@company.com,70,Austin,290.05
Eve,eve669@mail.com,61,Seattle,97.88
Quinn,quinn670@email.com,79,Los Angeles,43.77
Mia,mia671@outlook.com,67,Boston,170.38
Mia,mia672@contact.com,18,Miami,108.33
Olivia,olivia673@email.com,65,Boston,237.32
Karen,karen674@gmail.com,64,Austin,382.64
Charlie,charlie675@mail.com,18,Austin,21.72
Jack,jack676@business.com,58,Austin,475.99
Charlie,charlie677@outlook.com,72,Austin,60.94
Frank,frank678@contact.com,44,Seattle,480.98
Leo,leo679@business.com,23,Austin,461.42
Eve,eve680@business.com,62,Chicago,234.64
Noah,noah681@business.com,24,Miami,75.42
Henry,henry682@yahoo.com,55,Chicago,40.52
Henry,henry683@mail.com,36,Phoenix,426.95
Eve,eve684@mail.com,38,Seattle,143.26
Mia,mia685@contact.com,26,Seattle,63.4
Quinn,quinn686@gmail.com,46,Phoenix,163.88
Henry,henry687@yahoo.com,40,Miami,231.44
Ivy,ivy688@email.com,72,Miami,54.31
Diana,diana689@outlook.com,31,Los Angeles,82.68
Ivy,ivy690@gmail.com,43,Los Angeles,33.99
Mia,mia691@mail.com,70,Boston,25.23
Ivy,ivy692@email.com,53,Boston,132.43
Grace,grace693@gmail.com,69,Boston,69.51
Grace,grace694@contact.com,26,Miami,413.6
Charlie,charlie695@mail.com,55,New York,459.54
Noah,noah696@mail.com,22,Phoenix,452.22
Ivy,ivy697@contact.com,23,Austin,70.04
Eve,eve698@contact.com,28,Miami,222.25
Ivy,ivy699@gmail.com,19,Houston,344.77
Noah,noah700@mail.com,31,Houston,144.74
Noah,noah701@gmail.com,20,Houston,327.17
Bob,bob702@company.com,74,Seattle,244.73
Tina,tina703@mail.com,42,Los Angeles,215.43
Quinn,quinn704@email.com,58,Houston,399.47
Diana,diana705@contact.com,48,Miami,392.9
Eve,eve706@email.com,50,Denver,200.31
Ivy,ivy707@business.com,38,Denver,24.36
Peter,peter708@contact.com,69,Boston,269.42
Quinn,quinn709@mail.com,80,Boston,59.07
Noah,noah710@yahoo.com,52,Phoenix,384.38
Jack,jack711@company.com,72,Miami,183.85
Peter,peter712@gmail.com,33,Los Angeles,405.04
Olivia,olivia713@yahoo.com,63,New York,474.3
Olivia,olivia714@company.com,54,Miami,419.98
Ivy,ivy715@email.com,37,Austin,250.31
Eve,eve716@company.com,32,Denver,19.76
Steven,steven717@yahoo.com,39,Chicago,405.16
Rachel,rachel718@company.com,76,Chicago,39.18
Charlie,charlie719@outlook.com,67,Seattle,424.78
Henry,henry720@mail.com,41,New York,297.15
Jack,jack721@outlook.com,38,Austin,488.17
Olivia,olivia722@business.com,59,Austin,95.36
Karen,karen723@outlook.com,32,Austin,195.41
Diana,diana724@mail.com,29,Houston,474.91
Noah,noah725@yahoo.com,72,Chicago,25.87
Leo,leo726@mail.com,58,Denver,61.01
Quinn,quinn727@gmail.com,39,Austin,126.62
Olivia,olivia728@contact.com,58,Los Angeles,412.61
Henry,henry729@outlook.com,18,Houston,112.75
Steven,steven730@business.com,34,Los Angeles,363.0
Steven,steven731@email.com,46,Austin,484.86
Henry,henry732@yahoo.com,74,Miami,182.1
Ivy,ivy733@contact.com,71,Los Angeles,396.48
Diana,diana734@business.com,28,Phoenix,46.12
Ivy,ivy735@company.com,19,Chicago,137.95
Olivia,olivia736@contact.com,39,Denver,445.09
Jack,jack737@yahoo.com,53,New York,175.6
Ivy,ivy738@contact.com,45,Seattle,307.59
Jack,jack739@yahoo.com,21,Seattle,172.24
Jack,jack740@email.com,62,Phoenix,363.8
Grace,grace741@contact.com,60,Boston,155.73
Quinn,quinn742@business.com,43,New York,279.33
Frank,frank743@outlook.com,21,Denver,11.87
Tina,tina744@company.com,70,Houston,107.84
Mia,mia745@contact.com,28,Seattle,488.76
Jack,jack746@mail.com,37,Phoenix,240.76
Charlie,charlie747@outlook.com,59,Phoenix,199.89
Tina,tina748@business.com,41,Chicago,228.43
Tina,tina749@mail.com,47,Austin,120.86
Karen,karen750@company.com,21,Austin,378.6
Steven,steven751@contact.com,60,Phoenix,406.01
Henry,henry752@yahoo.com,53,Phoenix,421.99
Karen,karen753@yahoo.com,79,Boston,346.66
Mia,mia754@mail.com,74,Chicago,243.37
Bob,bob755@gmail.com,75,Los Angeles,256.03
Steven,steven756@outlook.com,61,Los Angeles,68.94
Tina,tina757@outlook.com,78,Chicago,486.36
Olivia,olivia758@outlook.com,20,Seattle,48.4
Leo,leo759@business.com,70,Chicago,418.71
Ivy,ivy760@email.com,76,Seattle,52.64
Tina,tina761@business.com,53,Seattle,429.75
Eve,eve762@outlook.com,76,Miami,395.41
Karen,karen763@company.com,25,Denver,83.32
Alice,alice764@yahoo.com,66,Miami,463.21
Mia,mia765@email.com,68,Miami,435.06
Eve,eve766@yahoo.com,34,Phoenix,330.85
Leo,leo767@gmail.com,20,Chicago,144.95
Olivia,olivia768@email.com,20,New York,445.89
Steven,steven769@email.com,21,Houston,461.21
Charlie,charlie770@yahoo.com,39,New York,162.37
Grace,grace771@yahoo.com,80,Boston,75.85
Henry,henry772@yahoo.com,35,Houston,306.44
Charlie,charlie773@gmail.com,46,Chicago,457.58
Noah,noah774@gmail.com,66,Seattle,434.92
Peter,peter775@contact.com,68,Miami,42.15
Rachel,rachel776@outlook.com,26,Houston,440.87
Tina,tina777@company.com,30,Los Angeles,420.12
Karen,karen778@company.com,47,Houston,459.84
Henry,henry779@yahoo.com,41,New York,257.51
Noah,noah780@email.com,33,Chicago,249.51
Noah,noah781@company.com,79,Los Angeles,297.57
Quinn,quinn782@yahoo.com,28,Austin,376.99
Frank,frank783@contact.com,19,Los Angeles,34.33
Leo,leo784@email.com,72,Houston,327.22
Diana,diana785@contact.com,59,Denver,261.51
Steven,steven786@outlook.com,76,New York,327.21
Rachel,rachel787@outlook.com,34,Miami,359.24
Diana,diana788@company.com,75,Los Angeles,427.28
Alice,alice789@mail.com,31,Miami,158.05
Grace,grace790@business.com,55,Austin,13.6
Grace,grace791@business.com,59,Denver,156.25
Bob,bob792@outlook.com,22,Denver,494.3
Frank,frank793@contact.com,34,Los Angeles,102.3
Tina,tina794@mail.com,75,Boston,404.66
Henry,henry795@email.com,61,Boston,363.43
Steven,steven796@business.com,34,Seattle,208.25
Mia,mia797@outlook.com,63,Los Angeles,409.85
Charlie,charlie798@contact.com,61,Phoenix,322.77
Olivia,olivia799@email.com,50,Phoenix,424.26
Diana,diana800@outlook.com,36,Austin,240.68
Jack,jack801@gmail.com,66,Phoenix,473.99
Henry,henry802@email.com,32,Seattle,119.43
Ivy,ivy803@business.com,68,Denver,192.12
Tina,tina804@outlook.com,47,Los Angeles,240.56
Peter,peter805@mail.com,78,Miami,241.39
Steven,steven806@gmail.com,25,Los Angeles,269.62
Grace,grace807@email.com,73,Denver,77.31
Karen,karen808@business.com,44,Boston,447.49
Rachel,rachel809@business.com,38,Austin,391.68
Steven,steven810@yahoo.com,58,Chicago,163.57
Steven,steven811@yahoo.com,46,New York,112.6
Frank,frank812@mail.com,66,Phoenix,249.89
Alice,alice813@yahoo.com,57,Denver,320.41
Grace,grace814@email.com,79,Seattle,197.83
Rachel,rachel815@business.com,30,Phoenix,475.53
Tina,tina816@contact.com,30,Boston,341.61
Jack,jack817@contact.com,62,Miami,162.93
Karen,karen818@yahoo.com,50,Boston,91.84
Noah,noah819@outlook.com,78,Miami,233.4
Frank,frank820@yahoo.com,39,Denver,445.11
Olivia,olivia821@business.com,75,Houston,186.03
Frank,frank822@yahoo.com,78,Boston,19.37
Tina,tina823@mail.com,31,Phoenix,298.95
Grace,grace824@mail.com,41,Boston,193.84
Diana,diana825@contact.com,57,Austin,301.02
Steven,steven826@business.com,59,New York,33.64
Rachel,rachel827@business.com,46,Denver,70.56
Rachel,rachel828@company.com,62,Houston,110.69
Tina,tina829@gmail.com,44,Boston,334.62
Mia,mia830@gmail.com,44,Phoenix,260.68
Bob,bob831@outlook.com,25,Seattle,253.89
Jack,jack832@outlook.com,71,Los Angeles,486.83
Noah,noah833@contact.com,36,Denver,29.31
Quinn,quinn834@yahoo.com,62,Phoenix,172.0
Frank,frank835@outlook.com,60,Chicago,454.37
Peter,peter836@company.com,27,Phoenix,391.97
Noah,noah837@contact.com,75,Phoenix,325.73
Peter,peter838@email.com,34,New York,34.54
Rachel,rachel839@gmail.com,72,Miami,186.51
Alice,alice840@gmail.com,65,Seattle,56.55
Noah,noah841@company.com,72,Houston,335.04
Jack,jack842@yahoo.com,40,Boston,477.99
Jack,jack843@email.com,41,Los Angeles,99.61
Alice,alice844@company.com,79,Phoenix,143.2
Jack,jack845@company.com,69,Houston,327.93
Bob,bob846@contact.com,26,New York,490.97
Grace,grace847@mail.com,44,Denver,403.11
Rachel,rachel848@company.com,57,Seattle,391.79
Tina,tina849@company.com,48,Austin,65.34
Charlie,charlie850@email.com,20,Austin,138.19
Diana,diana851@yahoo.com,63,Phoenix,386.09
Alice,alice852@business.com,32,Chicago,264.36
Peter,peter853@email.com,60,Austin,246.15
Ivy,ivy854@gmail.com,71,Houston,447.11
Leo,leo855@contact.com,59,Los Angeles,257.73
Bob,bob856@contact.com,73,Denver,46.68
Grace,grace857@gmail.com,33,Seattle,485.37
Diana,diana858@email.com,32,Seattle,325.23
Frank,frank859@yahoo.com,23,New York,227.65
Noah,noah860@business.com,23,New York,229.06
Diana,diana861@outlook.com,65,Boston,60.3
Eve,eve862@yahoo.com,53,Phoenix,10.08
Grace,grace863@contact.com,74,Los Angeles,285.54
Olivia,olivia864@outlook.com,41,Los Angeles,410.13
Karen,karen865@contact.com,53,Denver,361.16
Eve,eve866@email.com,25,Austin,382.07
Olivia,olivia867@mail.com,39,Seattle,416.64
Rachel,rachel868@yahoo.com,51,Miami,354.03
Noah,noah869@gmail.com,49,Seattle,412.7
Steven,steven870@company.com,34,Los Angeles,101.9
Eve,eve871@yahoo.com,47,New York,361.23
Alice,alice872@gmail.com,20,Chicago,388.35
Charlie,charlie873@gmail.com,60,Chicago,75.97
Bob,bob874@gmail.com,51,Austin,281.08
Grace,grace875@email.com,48,Los Angeles,392.73
Charlie,charlie876@gmail.com,29,Chicago,60.74
Tina,tina877@gmail.com,74,Seattle,215.15
Ivy,ivy878@gmail.com,43,Chicago,485.54
Henry,henry879@yahoo.com,26,Miami,305.24
Jack,jack880@mail.com,71,Los Angeles,431.75
Noah,noah881@business.com,30,Austin,315.84
Peter,peter882@company.com,76,Los Angeles,490.85
Eve,eve883@contact.com,52,New York,358.07
Bob,bob884@contact.com,48,Houston,289.61
Olivia,olivia885@business.com,36,Miami,406.07
Karen,karen886@outlook.com,19,New York,81.21
Peter,peter887@yahoo.com,35,Austin,491.93
Noah,noah888@company.com,71,Seattle,348.39
Eve,eve889@yahoo.com,66,Denver,25.83
Grace,grace890@yahoo.com,57,New York,433.77
Jack,jack891@mail.com,33,Boston,394.31
Jack,jack892@gmail.com,77,Los Angeles,199.9
Alice,alice893@outlook.com,21,Boston,374.4
Peter,peter894@company.com,71,Los Angeles,456.63
Noah,noah895@contact.com,65,Chicago,390.31
Quinn,quinn896@outlook.com,46,Houston,491.89
Mia,mia897@email.com,79,Miami,370.19
Eve,eve898@mail.com,20,Seattle,146.77
Bob,bob899@outlook.com,28,Boston,424.55
Leo,leo900@mail.com,47,Seattle,29.57
Alice,alice901@gmail.com,67,Boston,250.37
Mia,mia902@email.com,40,Austin,394.18
Karen,karen903@mail.com,32,Boston,265.1
Olivia,olivia904@email.com,44,Chicago,273.15
Ivy,ivy905@company.com,32,Boston,335.03
Steven,steven906@outlook.com,36,Seattle,475.65
Grace,grace907@mail.com,53,Denver,66.21
Ivy,ivy908@gmail.com,33,Austin,479.86
Rachel,rachel909@business.com,76,Chicago,199.08
Grace,grace910@company.com,19,Denver,412.83
Henry,henry911@business.com,69,Los Angeles,228.32
Jack,jack912@contact.com,75,Phoenix,166.95
Ivy,ivy913@mail.com,28,Los Angeles,271.27
Olivia,olivia914@contact.com,60,Boston,433.83
Ivy,ivy915@mail.com,31,Los Angeles,416.09
Leo,leo916@company.com,65,Phoenix,21.64
Tina,tina917@business.com,23,New York,36.59
Peter,peter918@email.com,22,Seattle,412.59
Jack,jack919@outlook.com,42,Houston,318.81
Grace,grace920@contact.com,19,Seattle,339.92
Peter,peter921@mail.com,59,Austin,380.42
Tina,tina922@business.com,62,Denver,185.27
Jack,jack923@yahoo.com,36,Seattle,307.22
Quinn,quinn924@gmail.com,42,Austin,412.84
Diana,diana925@outlook.com,28,Chicago,117.73
Alice,alice926@business.com,36,Miami,156.05
Eve,eve927@email.com,53,Boston,79.27
Frank,frank928@outlook.com,54,Seattle,273.2
Olivia,olivia929@gmail.com,31,Phoenix,113.75
Jack,jack930@company.com,28,Boston,118.19
Rachel,rachel931@business.com,25,Los Angeles,338.78
Bob,bob932@contact.com,72,Phoenix,236.02
Frank,frank933@business.com,36,Seattle,132.84
Eve,eve934@business.com,49,Seattle,185.0
Alice,alice935@mail.com,36,Chicago,451.06
Karen,karen936@company.com,46,Chicago,312.01
Grace,grace937@mail.com,27,Denver,287.76
Henry,henry938@business.com,28,Austin,163.48
Noah,noah939@business.com,35,Boston,75.81
Tina,tina940@email.com,47,Chicago,185.78
Frank,frank941@business.com,53,Chicago,96.13
Henry,henry942@email.com,72,Boston,446.74
Charlie,charlie943@company.com,64,Boston,366.44
Steven,steven944@email.com,58,Houston,408.19
Frank,frank945@business.com,67,Miami,454.09
Jack,jack946@business.com,52,Miami,241.33
Eve,eve947@business.com,43,Seattle,446.8
Peter,peter948@outlook.com,47,Boston,260.1
Mia,mia949@yahoo.com,50,Los Angeles,334.71
Tina,tina950@mail.com,26,Houston,88.02
Tina,tina951@email.com,60,Austin,370.6
Karen,karen952@email.com,20,Denver,383.12
Olivia,olivia953@gmail.com,34,Boston,124.67
Diana,diana954@mail.com,76,Austin,200.17
Leo,leo955@contact.com,20,Houston,60.58
Henry,henry956@gmail.com,71,Austin,293.53
Henry,henry957@mail.com,42,Miami,189.0
Tina,tina958@outlook.com,34,New York,486.61
Quinn,quinn959@yahoo.com,43,Chicago,410.45
Grace,grace960@business.com,68,Seattle,444.71
Noah,noah961@company.com,74,Phoenix,225.55
Leo,leo962@business.com,50,Miami,113.64
Charlie,charlie963@outlook.com,41,Chicago,333.94
Jack,jack964@mail.com,64,Chicago,245.94
Alice,alice965@business.com,31,New York,327.16
Bob,bob966@business.com,33,Denver,72.66
Jack,jack967@company.com,58,Austin,29.2
Mia,mia968@mail.com,21,New York,136.55
Ivy,ivy969@outlook.com,79,New York,303.69
Olivia,olivia970@email.com,74,New York,474.15
Diana,diana971@contact.com,56,Miami,434.98
Jack,jack972@yahoo.com,71,Los Angeles,304.41
Noah,noah973@mail.com,57,Boston,139.62
Bob,bob974@gmail.com,56,New York,122.61
Jack,jack975@email.com,24,Houston,109.15
Mia,mia976@company.com,70,Boston,306.7
Diana,diana977@email.com,75,Austin,440.1
Ivy,ivy978@email.com,66,New York,55.66
Grace,grace979@gmail.com,70,Chicago,449.51
Diana,diana980@business.com,44,Denver,438.66
Frank,frank981@email.com,32,Seattle,396.88
Alice,alice982@business.com,55,Austin,57.88
Olivia,olivia983@yahoo.com,48,Boston,455.94
Leo,leo984@mail.com,56,Houston,210.24
Henry,henry985@company.com,63,Phoenix,293.21
Bob,bob986@gmail.com,18,Denver,330.73
Grace,grace987@business.com,41,Denver,85.84
Steven,steven988@contact.com,34,Seattle,217.55
Ivy,ivy989@mail.com,61,Houston,379.94
Grace,grace990@outlook.com,68,Los Angeles,246.41
Steven,steven991@yahoo.com,53,New York,134.35
Ivy,ivy992@contact.com,40,Miami,370.53
Diana,diana993@email.com,46,Los Angeles,59.14
Bob,bob994@mail.com,68,Houston,402.42
Grace,grace995@yahoo.com,42,New York,404.14
Rachel,rachel996@business.com,77,Los Angeles,53.19
Steven,steven997@email.com,41,Houston,308.42
Henry,henry998@mail.com,57,Seattle,150.37
Rachel,rachel999@email.com,58,Chicago,225.1
Noah,noah1000@business.com,36,Denver,26.47
Frank,frank1001@gmail.com,62,Phoenix,311.44
Noah,noah1002@gmail.com,33,New York,488.07
Rachel,rachel1003@business.com,67,Denver,183.03
Jack,jack1004@email.com,55,New York,263.69
Alice,alice1005@gmail.com,53,Chicago,365.81
Frank,frank1006@yahoo.com,40,Los Angeles,482.01
Grace,grace1007@contact.com,56,Denver,232.83
Henry,henry1008@yahoo.com,18,Phoenix,95.77
Quinn,quinn1009@outlook.com,53,Denver,256.55
Quinn,quinn1010@contact.com,69,Los Angeles,478.79
Bob,bob1011@yahoo.com,34,Boston,483.37
Noah,noah1012@email.com,67,Denver,381.16
Tina,tina1013@contact.com,75,Boston,246.17
Ivy,ivy1014@outlook.com,42,Los Angeles,341.69
Karen,karen1015@email.com,44,Houston,263.09
Tina,tina1016@company.com,33,Denver,55.57
Alice,alice1017@company.com,53,Miami,243.51
Eve,eve1018@contact.com,75,Phoenix,141.85
Jack,jack1019@business.com,65,Denver,125.08
Peter,peter1020@contact.com,31,Austin,109.36
Leo,leo1021@yahoo.com,27,Denver,68.74
Alice,alice1022@gmail.com,57,Houston,384.48
Ivy,ivy1023@email.com,72,Seattle,191.89
Frank,frank1024@gmail.com,75,Boston,435.7
Frank,frank1025@email.com,66,Boston,147.33
Olivia,olivia1026@business.com,26,New York,267.61
Grace,grace1027@company.com,78,Seattle,25.96
Leo,leo1028@email.com,73,Seattle,234.03
Grace,grace1029@business.com,47,Boston,347.71
Eve,eve1030@contact.com,42,Austin,59.37
Alice,alice1031@company.com,29,Houston,138.8
Leo,leo1032@business.com,79,Chicago,189.3
Bob,bob1033@mail.com,31,Denver,353.35
Charlie,charlie1034@company.com,72,New York,147.02
Ivy,ivy1035@outlook.com,26,Austin,346.15
Eve,eve1036@gmail.com,69,Chicago,282.12
Alice,alice1037@yahoo.com,27,Boston,241.76
Tina,tina1038@yahoo.com,44,Houston,75.89
Steven,steven1039@business.com,64,Boston,394.81
Olivia,olivia1040@yahoo.com,53,Chicago,33.38
Charlie,charlie1041@email.com,21,Los Angeles,408.77
Peter,peter1042@business.com,46,Miami,137.29
Rachel,rachel1043@company.com,53,Seattle,178.63
Diana,diana1044@gmail.com,40,Seattle,292.66
Charlie,charlie1045@business.com,80,Chicago,184.0
Frank,frank1046@email.com,67,Miami,445.92
Alice,alice1047@outlook.com,47,Boston,435.45
Karen,karen1048@contact.com,58,New York,208.34
Grace,grace1049@outlook.com,28,Houston,121.83
Ivy,ivy1050@mail.com,63,Seattle,306.64
Jack,jack1051@company.com,74,Los Angeles,392.68
Diana,diana1052@outlook.com,79,Chicago,212.85
Quinn,quinn1053@contact.com,26,New York,334.39
Diana,diana1054@contact.com,28,Houston,60.47
Karen,karen1055@yahoo.com,53,New York,22.92
Noah,noah1056@yahoo.com,66,New York,60.92
Steven,steven1057@mail.com,59,Denver,161.59
Grace,grace1058@business.com,46,Denver,74.33
Jack,jack1059@outlook.com,20,New York,431.58
Grace,grace1060@contact.com,47,Seattle,468.08
Diana,diana1061@contact.com,26,Phoenix,96.75
Peter,peter1062@company.com,45,Chicago,323.5
Noah,noah1063@outlook.com,76,Los Angeles,246.01
Frank,frank1064@contact.com,46,New York,189.23
Mia,mia1065@email.com,37,Los Angeles,10.05
Tina,tina1066@gmail.com,36,New York,272.2
Henry,henry1067@yahoo.com,37,Denver,385.28
Tina,tina1068@yahoo.com,68,Phoenix,278.62
Grace,grace1069@company.com,74,Denver,224.18
Leo,leo1070@email.com,63,Denver,415.93
Leo,leo1071@outlook.com,23,Phoenix,316.41
Steven,steven1072@mail.com,36,Austin,406.32
Frank,frank1073@yahoo.com,72,New York,99.38
Noah,noah1074@outlook.com,58,Chicago,312.69
Rachel,rachel1075@contact.com,30,Boston,19.5
Bob,bob1076@contact.com,19,New York,486.44
Rachel,rachel1077@contact.com,26,Seattle,366.28
Quinn,quinn1078@gmail.com,27,New York,251.85
Alice,alice1079@mail.com,37,New York,499.0
Jack,jack1080@gmail.com,39,Phoenix,423.34
Tina,tina1081@outlook.com,35,Houston,44.98
Charlie,charlie1082@company.com,30,Chicago,410.45
Frank,frank1083@yahoo.com,80,Austin,198.55
Henry,henry1084@outlook.com,65,Denver,107.6
Mia,mia1085@company.com,60,Boston,241.68
Tina,tina1086@business.com,28,Boston,374.92
Frank,frank1087@outlook.com,25,Denver,245.8
Leo,leo1088@email.com,41,Boston,433.19
Grace,grace1089@contact.com,33,Austin,169.01
Charlie,charlie1090@business.com,55,Miami,203.95
Rachel,rachel1091@outlook.com,80,Boston,294.73
Noah,noah1092@business.com,41,Houston,131.87
Diana,diana1093@company.com,61,Houston,466.12
Charlie,charlie1094@outlook.com,40,Miami,353.65
Tina,tina1095@yahoo.com,49,Boston,165.2
Diana,diana1096@contact.com,69,Denver,369.26
Diana,diana1097@business.com,40,Miami,132.84
Alice,alice1098@yahoo.com,63,Boston,283.92
Leo,leo1099@company.com,30,New York,101.45
Mia,mia1100@email.com,64,Austin,144.91
Peter,peter1101@gmail.com,22,Seattle,85.96
Frank,frank1102@company.com,52,Los Angeles,232.5
Quinn,quinn1103@gmail.com,64,Austin,442.64
Frank,frank1104@yahoo.com,38,Austin,332.56
Diana,diana1105@yahoo.com,30,Houston,344.78
Jack,jack1106@company.com,57,Austin,168.07
Tina,tina1107@outlook.com,24,Los Angeles,332.86
Jack,jack1108@yahoo.com,29,Phoenix,109.02
Olivia,olivia1109@gmail.com,24,Miami,289.8
Peter,peter1110@company.com,51,Phoenix,34.05
Mia,mia1111@yahoo.com,18,Seattle,331.32
Diana,diana1112@email.com,69,Phoenix,186.85
Leo,leo1113@company.com,68,Austin,413.59
Eve,eve1114@company.com,20,Phoenix,418.88
Tina,tina1115@outlook.com,79,Houston,57.59
Noah,noah1116@gmail.com,42,Denver,104.63
Jack,jack1117@contact.com,58,Boston,283.63
Diana,diana1118@outlook.com,65,Boston,385.48
Alice,alice1119@business.com,61,Austin,354.25
Olivia,olivia1120@business.com,28,Austin,279.48
Noah,noah1121@company.com,60,Houston,271.61
Henry,henry1122@yahoo.com,75,Miami,279.54
Eve,eve1123@yahoo.com,44,Los Angeles,414.82
Charlie,charlie1124@mail.com,54,Seattle,114.82
Grace,grace1125@gmail.com,41,Boston,229.27
Noah,noah1126@gmail.com,64,New York,491.65
Noah,noah1127@mail.com,26,Denver,13.22
Olivia,olivia1128@contact.com,72,Phoenix,20.63
Frank,frank1129@business.com,50,Austin,289.63
Karen,karen1130@mail.com,24,Seattle,235.58
Tina,tina1131@company.com,34,Los Angeles,445.92
Leo,leo1132@business.com,34,Miami,55.03
Steven,steven1133@business.com,76,Miami,369.79
Eve,eve1134@mail.com,29,Austin,414.6
Alice,alice1135@company.com,56,Miami,28.31
Alice,alice1136@business.com,23,Phoenix,461.72
Eve,eve1137@gmail.com,74,Austin,214.1
Grace,grace1138@gmail.com,65,Houston,320.6
Diana,diana1139@email.com,37,Houston,30.18
Frank,frank1140@mail.com,27,Austin,256.18
Mia,mia1141@yahoo.com,21,Phoenix,485.81
Steven,steven1142@yahoo.com,23,Phoenix,221.65
Henry,henry1143@contact.com,26,Denver,50.45
Karen,karen1144@mail.com,53,Seattle,138.65
Quinn,quinn1145@company.com,45,Seattle,383.4
Eve,eve1146@yahoo.com,30,Austin,203.71
Karen,karen1147@yahoo.com,53,Houston,130.66
Grace,grace1148@yahoo.com,67,New York,168.47
Tina,tina1149@contact.com,25,Seattle,217.53
Noah,noah1150@email.com,38,Miami,301.0
Jack,jack1151@gmail.com,28,Boston,311.95
Frank,frank1152@outlook.com,46,Los Angeles,462.86
Steven,steven1153@gmail.com,61,Miami,86.44
Peter,peter1154@email.com,65,Los Angeles,129.09
Charlie,charlie1155@business.com,18,Houston,349.96
Henry,henry1156@gmail.com,46,Phoenix,21.15
Ivy,ivy1157@business.com,31,Seattle,277.75
Jack,jack1158@company.com,48,Austin,350.58
Rachel,rachel1159@company.com,55,Denver,31.31
Ivy,ivy1160@company.com,36,Los Angeles,396.7
Peter,peter1161@mail.com,47,Seattle,42.63
Peter,peter1162@yahoo.com,73,New York,19.35
Leo,leo1163@yahoo.com,80,Austin,259.18
Diana,diana1164@email.com,49,Denver,53.13
Henry,henry1165@yahoo.com,79,Seattle,284.74
Eve,eve1166@yahoo.com,33,Phoenix,159.41
Diana,diana1167@business.com,65,Los Angeles,19.0
Alice,alice1168@contact.com,58,Austin,125.74
Grace,grace1169@mail.com,69,Boston,316.64
Mia,mia1170@mail.com,78,Boston,475.07
Bob,bob1171@email.com,39,Phoenix,331.9
Tina,tina1172@email.com,51,Miami,214.49
Noah,noah1173@gmail.com,45,Austin,455.77
Olivia,olivia1174@contact.com,52,Austin,111.31
Diana,diana1175@business.com,52,Phoenix,432.67
Mia,mia1176@gmail.com,76,Boston,220.73
Rachel,rachel1177@mail.com,76,Houston,165.57
Bob,bob1178@company.com,78,Chicago,100.23
Steven,steven1179@mail.com,66,Chicago,441.26
Henry,henry1180@outlook.com,37,Seattle,375.35
Alice,alice1181@contact.com,67,Phoenix,62.32
Steven,steven1182@business.com,66,Boston,306.75
Mia,mia1183@company.com,32,Houston,186.04
Quinn,quinn1184@outlook.com,50,New York,358.89
Frank,frank1185@gmail.com,72,Houston,250.81
Bob,bob1186@contact.com,30,Houston,25.79
Karen,karen1187@gmail.com,78,Miami,119.05
Peter,peter1188@outlook.com,22,Chicago,464.28
Tina,tina1189@company.com,62,Miami,434.72
Frank,frank1190@company.com,43,Miami,307.89
Tina,tina1191@gmail.com,43,Los Angeles,300.96
Peter,peter1192@email.com,51,Houston,231.29
Grace,grace1193@contact.com,51,Los Angeles,203.85
Alice,alice1194@email.com,42,Seattle,384.93
Alice,alice1195@mail.com,36,New York,205.04
Diana,diana1196@yahoo.com,47,New York,217.01
Leo,leo1197@outlook.com,75,Los Angeles,237.15
Frank,frank1198@yahoo.com,64,Miami,65.45
Steven,steven1199@contact.com,26,Miami,212.64
